{
  "model": "Isolation Forest",
  "best_params": {
    "n_estimators": 100,
    "max_samples": 0.5,
    "contamination": 0.005
  },
  "roc_auc": 0.9563005262276763,
  "pr_auc": 0.9632039694359401,
  "precision_at_100": 1.0,
  "precision_at_1pct": 1.0,
  "recall_at_1pct_fpr": 0.6041147132169576,
  "recall_at_5pct_fpr": 0.6536783042394015,
  "inference_time_ms": 0.039066314697265625
}