{
  "model": "LOF",
  "best_params": {
    "n_neighbors": 35,
    "leaf_size": 30
  },
  "roc_auc": 0.8507912063180189,
  "pr_auc": 0.8718667968115987,
  "precision_at_100": 0.88,
  "precision_at_1pct": 0.8928571428571429,
  "recall_at_1pct_fpr": 0.1433915211970075,
  "recall_at_5pct_fpr": 0.42846009975062344,
  "inference_time_ms": 0.4689781665802002
}